{"stats":{"minecraft:custom":{"minecraft:interact_with_crafting_table":3,"minecraft:open_shulker_box":29,"minecraft:eat_cake_slice":7,"minecraft:leave_game":40,"minecraft:time_since_death":29056,"minecraft:sprint_one_cm":680256,"minecraft:drop":196,"minecraft:talked_to_villager":16,"minecraft:play_time":1340060,"minecraft:deaths":22,"minecraft:jump":3758,"minecraft:walk_on_water_one_cm":13155,"minecraft:interact_with_furnace":11,"minecraft:play_record":27,"minecraft:traded_with_villager":59,"minecraft:interact_with_loom":1,"minecraft:sleep_in_bed":1,"minecraft:damage_dealt":2087,"minecraft:crouch_one_cm":270699,"minecraft:inspect_dispenser":6,"minecraft:interact_with_anvil":4,"minecraft:mob_kills":68,"minecraft:fill_cauldron":1,"minecraft:damage_dealt_resisted":200,"minecraft:climb_one_cm":8004,"minecraft:walk_one_cm":2255292,"minecraft:sneak_time":80380,"minecraft:walk_under_water_one_cm":3845,"minecraft:interact_with_lectern":12,"minecraft:boat_one_cm":268376,"minecraft:total_world_time":1340060,"minecraft:tune_noteblock":246,"minecraft:pot_flower":3,"minecraft:time_since_rest":29083,"minecraft:damage_absorbed":40,"minecraft:damage_taken":17953,"minecraft:trigger_trapped_chest":1,"minecraft:minecart_one_cm":2392,"minecraft:fly_one_cm":5347835,"minecraft:pig_one_cm":1294,"minecraft:open_chest":214,"minecraft:aviate_one_cm":294998,"minecraft:fall_one_cm":147472},"minecraft:dropped":{"minecraft:candle":1,"minecraft:cooked_beef":1,"minecraft:ender_pearl":12,"minecraft:diamond":1049,"minecraft:cooked_porkchop":64,"minecraft:cookie":1,"minecraft:dirt":84,"minecraft:mangrove_boat":1,"minecraft:writable_book":1,"minecraft:bone_block":4,"minecraft:dead_bubble_coral_fan":64,"minecraft:iron_pickaxe":1,"minecraft:dark_oak_planks":64,"minecraft:fishing_rod":1,"minecraft:cooked_chicken":1,"minecraft:netherite_shovel":1,"minecraft:carrot":10,"minecraft:acacia_button":1,"minecraft:oak_chest_boat":3,"minecraft:trident":2,"minecraft:chest":1,"minecraft:spruce_slab":1,"minecraft:birch_button":2,"minecraft:written_book":3,"minecraft:brown_concrete":28,"minecraft:wheat_seeds":8,"minecraft:netherite_axe":1,"minecraft:feather":1,"minecraft:lead":1,"minecraft:sculk_catalyst":3,"minecraft:wooden_hoe":1,"minecraft:brown_wool":128,"minecraft:brown_terracotta":64,"minecraft:iron_axe":1,"minecraft:iron_shovel":1,"minecraft:bucket":1,"minecraft:netherite_hoe":1,"minecraft:player_head":5,"minecraft:allay_spawn_egg":1,"minecraft:mangrove_button":1,"minecraft:diamond_sword":1,"minecraft:big_dripleaf":2,"minecraft:potato":10,"minecraft:oak_button":1,"minecraft:dead_horn_coral_fan":64,"minecraft:dead_fire_coral_fan":64,"minecraft:warped_button":2,"minecraft:slime_ball":84,"minecraft:wooden_pickaxe":1},"minecraft:picked_up":{"minecraft:shulker_shell":2,"minecraft:iron_chestplate":4,"minecraft:dead_horn_coral_fan":128,"minecraft:lead":1,"minecraft:birch_button":1,"minecraft:golden_shovel":2,"minecraft:amethyst_block":1,"minecraft:sea_pickle":2,"minecraft:black_shulker_box":1,"minecraft:dead_bubble_coral_fan":64,"minecraft:written_book":2,"minecraft:azalea":2,"minecraft:smooth_quartz":12,"minecraft:stick":12,"minecraft:orange_shulker_box":2,"minecraft:big_dripleaf":2,"minecraft:porkchop":4,"minecraft:golden_axe":1,"minecraft:warped_button":1,"minecraft:pointed_dripstone":8,"minecraft:goat_horn":1,"minecraft:stone_sword":1,"minecraft:honey_bottle":16,"minecraft:mangrove_roots":1,"minecraft:snowball":1,"minecraft:feather":1,"minecraft:cooked_beef":77,"minecraft:brown_wool":192,"minecraft:tuff":12,"minecraft:netherite_leggings":2,"minecraft:dirt":95,"minecraft:lantern":1,"minecraft:leather_boots":1,"minecraft:bow":5,"minecraft:netherite_axe":1,"minecraft:cooked_porkchop":1,"minecraft:sand":1,"minecraft:dead_fire_coral_fan":64,"minecraft:shulker_box":2,"minecraft:dead_fire_coral":64,"minecraft:yellow_carpet":64,"minecraft:deepslate":40,"minecraft:diamond":20,"minecraft:soul_lantern":2,"minecraft:lever":3,"minecraft:writable_book":2,"minecraft:golden_apple":1,"minecraft:mangrove_button":1,"minecraft:fishing_rod":1,"minecraft:music_disc_5":28,"minecraft:splash_potion":3,"minecraft:moss_carpet":1,"minecraft:item_frame":1,"minecraft:candle":8,"minecraft:netherite_sword":4,"minecraft:music_disc_otherside":5,"minecraft:player_head":10,"minecraft:light_gray_wool":1,"minecraft:chest":1,"minecraft:white_dye":44,"minecraft:fire_charge":379,"minecraft:trident":1,"minecraft:redstone":1,"minecraft:arrow":97,"minecraft:weeping_vines":64,"minecraft:allay_spawn_egg":1,"minecraft:pink_tulip":1,"minecraft:oak_chest_boat":1,"minecraft:white_shulker_box":10,"minecraft:glow_berries":3,"minecraft:rail":3,"minecraft:yellow_shulker_box":1,"minecraft:cobbled_deepslate_stairs":64,"minecraft:mangrove_boat":5,"minecraft:mangrove_planks":18,"minecraft:iron_sword":1,"minecraft:flowering_azalea":1,"minecraft:sculk_catalyst":7,"minecraft:dead_horn_coral":64,"minecraft:amethyst_shard":2,"minecraft:slime_ball":66,"minecraft:diamond_axe":1,"minecraft:painting":1,"minecraft:netherite_hoe":1,"minecraft:ender_pearl":18},"minecraft:killed_by":{"minecraft:warden":3},"minecraft:crafted":{"minecraft:emerald":11,"minecraft:leather_chestplate":2,"minecraft:cookie":432,"minecraft:leather_leggings":2,"minecraft:leather_boots":1,"minecraft:air":0,"minecraft:pumpkin_pie":96},"minecraft:killed":{"minecraft:silverfish":53,"minecraft:pig":7,"minecraft:ocelot":1,"minecraft:frog":2,"minecraft:enderman":1},"minecraft:mined":{"minecraft:grass_block":31,"minecraft:sculk_catalyst":1,"minecraft:chest":1},"minecraft:used":{"minecraft:moss_block":117,"minecraft:moss_carpet":106,"minecraft:writable_book":40,"minecraft:red_sand":3,"minecraft:polished_deepslate":92,"minecraft:dispenser":1,"minecraft:bone_block":34,"minecraft:spruce_slab":66,"minecraft:dead_tube_coral_fan":13,"minecraft:dead_brain_coral":28,"minecraft:ladder":23,"minecraft:oak_sign":15,"minecraft:axolotl_spawn_egg":3,"minecraft:chest":65,"minecraft:white_terracotta":11,"minecraft:stone":116,"minecraft:iron_sword":3,"minecraft:white_shulker_box":11,"minecraft:red_nether_brick_stairs":3,"minecraft:grass":3,"minecraft:bubble_coral":3,"minecraft:player_head":1,"minecraft:green_terracotta":79,"minecraft:sculk_sensor":88,"minecraft:white_candle":15,"minecraft:debug_stick":85,"minecraft:pink_candle":2,"minecraft:soul_sand":3,"minecraft:weathered_copper":6,"minecraft:cracked_deepslate_tiles":12,"minecraft:deepslate_tile_slab":10,"minecraft:deepslate_brick_slab":4,"minecraft:yellow_candle":9,"minecraft:acacia_button":2,"minecraft:tuff":390,"minecraft:snowball":4,"minecraft:weeping_vines":7,"minecraft:honey_bottle":4,"minecraft:polished_deepslate_stairs":67,"minecraft:big_dripleaf":10,"minecraft:glass":69,"minecraft:waxed_oxidized_copper":7,"minecraft:honey_block":9,"minecraft:honeycomb":51,"minecraft:lava_bucket":2,"minecraft:mangrove_log":11,"minecraft:villager_spawn_egg":1,"minecraft:red_wool":22,"minecraft:black_stained_glass_pane":28,"minecraft:lantern":13,"minecraft:grass_block":141,"minecraft:blue_orchid":1,"minecraft:orange_shulker_box":2,"minecraft:light_blue_bed":1,"minecraft:dark_oak_slab":75,"minecraft:pink_wool":8,"minecraft:stone_brick_stairs":16,"minecraft:item_frame":8,"minecraft:bedrock":943,"minecraft:repeater":48,"minecraft:birch_trapdoor":2,"minecraft:reinforced_deepslate":23,"minecraft:red_nether_brick_wall":1,"minecraft:redstone_lamp":10,"minecraft:bow":23,"minecraft:horn_coral":1,"minecraft:warped_fungus":1,"minecraft:written_book":7,"minecraft:scaffolding":3,"minecraft:mangrove_roots":218,"minecraft:blue_shulker_box":1,"minecraft:furnace":3,"minecraft:mangrove_slab":109,"minecraft:egg":1,"minecraft:fire_coral_fan":7,"minecraft:seagrass":4,"minecraft:dead_brain_coral_fan":26,"minecraft:oak_chest_boat":4,"minecraft:mangrove_leaves":82,"minecraft:dark_oak_stairs":10,"minecraft:leather_leggings":2,"minecraft:spruce_door":2,"minecraft:cut_copper_slab":23,"minecraft:gray_carpet":155,"minecraft:dark_oak_sign":1,"minecraft:mangrove_planks":30,"minecraft:oak_planks":37,"minecraft:ender_pearl":15,"minecraft:leather_chestplate":2,"minecraft:sandstone":34,"minecraft:redstone_block":34,"minecraft:composter":2,"minecraft:clay":10,"minecraft:large_amethyst_bud":8,"minecraft:smooth_quartz_stairs":2,"minecraft:oak_leaves":7,"minecraft:brain_coral":1,"minecraft:golden_apple":1,"minecraft:glow_berries":35,"minecraft:dark_oak_trapdoor":18,"minecraft:sand":171,"minecraft:light_blue_concrete":6,"minecraft:cut_sandstone_slab":3,"minecraft:light_blue_wool":7,"minecraft:yellow_concrete":11,"minecraft:crossbow":1,"minecraft:dead_bubble_coral":8,"minecraft:dripstone_block":125,"minecraft:note_block":13,"minecraft:cobbled_deepslate_stairs":89,"minecraft:deepslate_brick_stairs":9,"minecraft:redstone_torch":1,"minecraft:sticky_piston":3,"minecraft:dead_fire_coral_fan":22,"minecraft:enderman_spawn_egg":3,"minecraft:lever":25,"minecraft:black_concrete":6,"minecraft:firework_rocket":53,"minecraft:chiseled_sandstone":1,"minecraft:mangrove_door":2,"minecraft:birch_slab":45,"minecraft:brown_wool":13,"minecraft:barrier":3,"minecraft:stone_button":7,"minecraft:cyan_carpet":4,"minecraft:lectern":3,"minecraft:spore_blossom":25,"minecraft:iron_door":2,"minecraft:deepslate":328,"minecraft:flowering_azalea_leaves":41,"minecraft:soul_lantern":49,"minecraft:dead_horn_coral":9,"minecraft:ocelot_spawn_egg":3,"minecraft:jungle_sign":3,"minecraft:diamond_sword":4,"minecraft:dead_horn_coral_fan":58,"minecraft:stripped_oak_wood":130,"minecraft:white_stained_glass":18,"minecraft:chain":7,"minecraft:waxed_cut_copper_stairs":7,"minecraft:oak_boat":1,"minecraft:white_concrete":14,"minecraft:warped_button":1,"minecraft:cobweb":2,"minecraft:azalea":4,"minecraft:oak_fence":2,"minecraft:oak_trapdoor":4,"minecraft:netherite_sword":4,"minecraft:iron_bars":26,"minecraft:music_disc_otherside":14,"minecraft:brain_coral_fan":1,"minecraft:orange_concrete":8,"minecraft:flint_and_steel":132,"minecraft:cracked_deepslate_bricks":7,"minecraft:red_concrete":5,"minecraft:redstone":106,"minecraft:spruce_planks":124,"minecraft:tinted_glass":2,"minecraft:music_disc_5":13,"minecraft:sculk":11,"minecraft:brown_shulker_box":1,"minecraft:mangrove_fence":25,"minecraft:cut_copper_stairs":4,"minecraft:oak_door":1,"minecraft:bee_spawn_egg":1,"minecraft:orange_bed":1,"minecraft:torch":1,"minecraft:dirt":7,"minecraft:spyglass":6,"minecraft:anvil":8,"minecraft:white_carpet":10,"minecraft:hopper":17,"minecraft:spruce_stairs":6,"minecraft:twisting_vines":4,"minecraft:cobblestone_wall":77,"minecraft:dead_tube_coral":9,"minecraft:shulker_box":2,"minecraft:yellow_carpet":15,"minecraft:oak_wood":128,"minecraft:bee_nest":2,"minecraft:spruce_fence":10,"minecraft:blue_concrete":2,"minecraft:mud_brick_stairs":40,"minecraft:polished_diorite":36,"minecraft:fern":1,"minecraft:small_dripleaf":9,"minecraft:andesite_wall":1,"minecraft:dark_oak_planks":23,"minecraft:wooden_axe":4,"minecraft:flowering_azalea":6,"minecraft:sea_lantern":6,"minecraft:bookshelf":26,"minecraft:smooth_sandstone":1,"minecraft:iron_block":6,"minecraft:oak_stairs":23,"minecraft:slime_block":141,"minecraft:acacia_slab":4,"minecraft:polished_deepslate_wall":31,"minecraft:smooth_quartz":2,"minecraft:iron_boots":2,"minecraft:crimson_planks":1,"minecraft:light_gray_wool":37,"minecraft:tadpole_bucket":1,"minecraft:glowstone":11,"minecraft:lime_concrete":13,"minecraft:tall_grass":4,"minecraft:iron_trapdoor":31,"minecraft:dark_oak_pressure_plate":2,"minecraft:oxidized_copper":47,"minecraft:deepslate_tile_stairs":2,"minecraft:white_stained_glass_pane":89,"minecraft:minecart":4,"minecraft:trapped_chest":2,"minecraft:pointed_dripstone":145,"minecraft:cooked_beef":14,"minecraft:cobbled_deepslate":2811,"minecraft:hanging_roots":18,"minecraft:observer":11,"minecraft:magenta_dye":1,"minecraft:dead_bubble_coral_fan":31,"minecraft:horn_coral_fan":4,"minecraft:golden_axe":43,"minecraft:iron_leggings":1,"minecraft:brown_bed":2,"minecraft:cobbled_deepslate_wall":95,"minecraft:mangrove_boat":32,"minecraft:calcite":66,"minecraft:water_bucket":26,"minecraft:pink_tulip":2,"minecraft:amethyst_block":87,"minecraft:sandstone_stairs":2,"minecraft:birch_planks":85,"minecraft:yellow_shulker_box":1,"minecraft:polished_andesite":6,"minecraft:mud_brick_slab":40,"minecraft:copper_block":18,"minecraft:cauldron":1,"minecraft:glow_ink_sac":9,"minecraft:cobblestone_slab":30,"minecraft:leather_boots":3,"minecraft:deepslate_bricks":29,"minecraft:pink_concrete":20,"minecraft:glow_item_frame":26,"minecraft:polished_deepslate_slab":120,"minecraft:orange_carpet":6,"minecraft:mangrove_trapdoor":14,"minecraft:rail":27,"minecraft:stripped_dark_oak_log":79,"minecraft:crimson_trapdoor":1,"minecraft:crafting_table":1,"minecraft:oak_slab":75,"minecraft:lime_bed":3,"minecraft:green_dye":26,"minecraft:birch_sign":48,"minecraft:sculk_shrieker":1,"minecraft:painting":13,"minecraft:mangrove_sign":5,"minecraft:cake":10,"minecraft:warped_planks":38,"minecraft:dark_oak_door":7,"minecraft:cyan_stained_glass":1,"minecraft:deepslate_tile_wall":3,"minecraft:oak_log":3,"minecraft:amethyst_cluster":24,"minecraft:mud":521,"minecraft:flower_pot":4,"minecraft:yellow_dye":28,"minecraft:light":45,"minecraft:oxeye_daisy":1,"minecraft:warped_trapdoor":1,"minecraft:dead_fire_coral":10,"minecraft:command_block":25,"minecraft:pig_spawn_egg":6,"minecraft:map":6,"minecraft:netherite_axe":8,"minecraft:spruce_trapdoor":40,"minecraft:budding_amethyst":3,"minecraft:purple_dye":1,"minecraft:crimson_nylium":2,"minecraft:acacia_fence_gate":1,"minecraft:fishing_rod":25,"minecraft:cobblestone":114,"minecraft:potion":1,"minecraft:azalea_leaves":29,"minecraft:cobbled_deepslate_slab":389,"minecraft:mud_brick_wall":7,"minecraft:jungle_door":4,"minecraft:chain_command_block":4,"minecraft:sandstone_slab":19,"minecraft:repeating_command_block":33,"minecraft:glass_pane":22,"minecraft:black_candle":5,"minecraft:yellow_bed":4,"minecraft:sea_pickle":6,"minecraft:stripped_oak_log":152,"minecraft:kelp":5,"minecraft:sculk_vein":1777,"minecraft:gray_wool":12,"minecraft:jukebox":2,"minecraft:sculk_catalyst":4,"minecraft:candle":320,"minecraft:splash_potion":349,"minecraft:soul_torch":1}},"DataVersion":3105}