{"stats":{"minecraft:dropped":{"minecraft:water_bucket":1,"minecraft:porkchop":2,"minecraft:candle":2,"minecraft:cooked_beef":3,"minecraft:ender_pearl":3,"minecraft:diamond":1049,"minecraft:glow_berries":2,"minecraft:lead":1,"minecraft:saddle":1,"minecraft:carrot_on_a_stick":1,"minecraft:yellow_carpet":64,"minecraft:golden_apple":1,"minecraft:brown_wool":320,"minecraft:mangrove_boat":2,"minecraft:writable_book":1,"minecraft:bone_meal":1,"minecraft:brown_dye":1,"minecraft:player_head":2,"minecraft:dark_oak_sign":1,"minecraft:honey_bottle":1,"minecraft:oak_sign":1,"minecraft:suspicious_stew":4,"minecraft:diamond_sword":1,"minecraft:oak_chest_boat":1,"minecraft:leather_chestplate":1,"minecraft:beetroot_seeds":1,"minecraft:leather_boots":1,"minecraft:oak_boat":2,"minecraft:leather_leggings":1,"minecraft:painting":2,"minecraft:white_dye":198,"minecraft:rabbit_stew":1,"minecraft:written_book":1},"minecraft:killed":{"minecraft:shulker":1,"minecraft:skeleton":14,"minecraft:silverfish":93,"minecraft:warden":4,"minecraft:pig":1},"minecraft:used":{"minecraft:writable_book":1,"minecraft:moss_block":1,"minecraft:netherite_sword":49,"minecraft:jack_o_lantern":2,"minecraft:moss_carpet":16,"minecraft:iron_bars":75,"minecraft:trident":30,"minecraft:stone_sword":4,"minecraft:polished_deepslate":1,"minecraft:flint_and_steel":38,"minecraft:carved_pumpkin":2,"minecraft:red_concrete":32,"minecraft:dispenser":14,"minecraft:elytra":2,"minecraft:redstone":106,"minecraft:carrot_on_a_stick":1,"minecraft:ladder":3,"minecraft:oak_sign":2,"minecraft:spruce_planks":36,"minecraft:chest":1,"minecraft:tinted_glass":1,"minecraft:white_terracotta":3,"minecraft:iron_sword":80,"minecraft:sculk":4,"minecraft:cooked_salmon":1,"minecraft:green_terracotta":57,"minecraft:player_head":16,"minecraft:white_candle":44,"minecraft:pink_candle":4,"minecraft:dirt":260,"minecraft:spyglass":3,"minecraft:anvil":12,"minecraft:jungle_planks":61,"minecraft:carrot":9,"minecraft:snowball":1,"minecraft:jungle_slab":54,"minecraft:deepslate_brick_slab":23,"minecraft:yellow_carpet":17,"minecraft:tuff":30,"minecraft:glow_lichen":27,"minecraft:mud_brick_stairs":1,"minecraft:blue_concrete":17,"minecraft:obsidian":60,"minecraft:milk_bucket":1,"minecraft:polished_diorite":62,"minecraft:big_dripleaf":59,"minecraft:glass":4,"minecraft:red_shulker_box":2,"minecraft:flowering_azalea":1,"minecraft:netherite_shovel":5,"minecraft:red_tulip":5,"minecraft:light_gray_stained_glass":4,"minecraft:grass_block":64,"minecraft:slime_block":86,"minecraft:orange_shulker_box":2,"minecraft:chicken_spawn_egg":1,"minecraft:netherite_hoe":25,"minecraft:blue_banner":2,"minecraft:netherite_boots":1,"minecraft:bedrock":63,"minecraft:birch_button":2,"minecraft:purple_concrete":1,"minecraft:repeater":31,"minecraft:redstone_lamp":4,"minecraft:lime_concrete":2,"minecraft:bow":74,"minecraft:written_book":4,"minecraft:emerald_block":5,"minecraft:iron_trapdoor":1,"minecraft:white_stained_glass_pane":12,"minecraft:deepslate_tile_stairs":2,"minecraft:mangrove_slab":23,"minecraft:gold_block":4,"minecraft:skeleton_skull":9,"minecraft:potato":10,"minecraft:cooked_beef":1,"minecraft:cobbled_deepslate":276,"minecraft:enchanted_golden_apple":6,"minecraft:oak_chest_boat":3,"minecraft:pointed_dripstone":2,"minecraft:mangrove_leaves":16,"minecraft:mangrove_boat":7,"minecraft:calcite":1,"minecraft:wheat_seeds":5,"minecraft:water_bucket":1,"minecraft:amethyst_block":3,"minecraft:birch_planks":30,"minecraft:cut_copper_slab":6,"minecraft:oak_planks":5,"minecraft:polished_andesite":45,"minecraft:dark_oak_sign":4,"minecraft:netherite_chestplate":1,"minecraft:jungle_fence":33,"minecraft:orange_tulip":9,"minecraft:ender_pearl":10,"minecraft:structure_void":7,"minecraft:deepslate_bricks":128,"minecraft:large_amethyst_bud":3,"minecraft:cookie":2,"minecraft:glow_berries":3,"minecraft:pink_concrete":2,"minecraft:golden_apple":1,"minecraft:sand":1,"minecraft:oak_slab":1,"minecraft:netherite_leggings":3,"minecraft:vine":20,"minecraft:light_blue_concrete":1,"minecraft:tnt":9,"minecraft:loom":3,"minecraft:yellow_concrete":7,"minecraft:black_banner":2,"minecraft:netherite_helmet":1,"minecraft:sculk_shrieker":1,"minecraft:oxidized_cut_copper_slab":1,"minecraft:note_block":26,"minecraft:gray_concrete":1,"minecraft:warped_planks":2,"minecraft:deepslate_brick_stairs":18,"minecraft:small_amethyst_bud":4,"minecraft:redstone_torch":32,"minecraft:sticky_piston":4,"minecraft:mud":103,"minecraft:piston":3,"minecraft:lever":19,"minecraft:black_concrete":3,"minecraft:firework_rocket":318,"minecraft:command_block":1,"minecraft:mangrove_propagule":1,"minecraft:bread":3,"minecraft:iron_pickaxe":1,"minecraft:barrier":8,"minecraft:netherite_axe":21,"minecraft:suspicious_stew":10,"minecraft:spore_blossom":1,"minecraft:magenta_concrete":2,"minecraft:jungle_stairs":39,"minecraft:cyan_concrete":1,"minecraft:spruce_trapdoor":1,"minecraft:deepslate":97,"minecraft:diamond_sword":79,"minecraft:wooden_sword":90,"minecraft:fishing_rod":81,"minecraft:cobblestone":30,"minecraft:potion":1,"minecraft:cooked_porkchop":1,"minecraft:turtle_helmet":1,"minecraft:medium_amethyst_bud":5,"minecraft:bucket":1,"minecraft:white_stained_glass":1,"minecraft:chain":7,"minecraft:oak_boat":4,"minecraft:white_concrete":17,"minecraft:gray_stained_glass":8,"minecraft:cobweb":18,"minecraft:sculk_vein":1,"minecraft:sculk_catalyst":5,"minecraft:candle":41,"minecraft:experience_bottle":72,"minecraft:chainmail_leggings":1},"minecraft:broken":{"minecraft:wooden_sword":1,"minecraft:fishing_rod":1},"minecraft:killed_by":{"minecraft:shulker":1,"minecraft:warden":7,"minecraft:silverfish":11,"minecraft:skeleton":7},"minecraft:custom":{"minecraft:mob_kills":116,"minecraft:interact_with_anvil":4,"minecraft:interact_with_crafting_table":2,"minecraft:open_shulker_box":16,"minecraft:eat_cake_slice":9,"minecraft:leave_game":16,"minecraft:time_since_death":10398,"minecraft:climb_one_cm":3730,"minecraft:damage_resisted":362,"minecraft:sprint_one_cm":522044,"minecraft:walk_one_cm":1012478,"minecraft:drop":306,"minecraft:talked_to_villager":28,"minecraft:play_time":603642,"minecraft:deaths":109,"minecraft:sneak_time":68237,"minecraft:walk_under_water_one_cm":3123,"minecraft:boat_one_cm":527557,"minecraft:interact_with_lectern":5,"minecraft:jump":4052,"minecraft:walk_on_water_one_cm":12952,"minecraft:total_world_time":603642,"minecraft:interact_with_furnace":3,"minecraft:traded_with_villager":26,"minecraft:tune_noteblock":40,"minecraft:interact_with_loom":5,"minecraft:time_since_rest":10440,"minecraft:damage_taken":41781,"minecraft:damage_absorbed":840,"minecraft:trigger_trapped_chest":2,"minecraft:damage_dealt":27760,"minecraft:swim_one_cm":1903,"minecraft:fly_one_cm":2933563,"minecraft:open_chest":185,"minecraft:pig_one_cm":3580,"minecraft:crouch_one_cm":163636,"minecraft:aviate_one_cm":1012495,"minecraft:fall_one_cm":214884,"minecraft:inspect_dispenser":45},"minecraft:crafted":{"minecraft:cookie":18,"minecraft:bone_meal":36,"minecraft:suspicious_stew":14,"minecraft:emerald":11,"minecraft:air":0},"minecraft:mined":{"minecraft:tuff":1,"minecraft:grass_block":136,"minecraft:player_head":6,"minecraft:dirt":35},"minecraft:picked_up":{"minecraft:shulker_shell":1,"minecraft:fishing_rod":1,"minecraft:music_disc_5":8,"minecraft:wheat":11,"minecraft:chicken":1,"minecraft:ladder":1,"minecraft:rabbit_stew":1,"minecraft:lead":9,"minecraft:diamond_sword":1,"minecraft:birch_button":1,"minecraft:wooden_sword":2,"minecraft:iron_axe":1,"minecraft:cooked_salmon":3,"minecraft:iron_shovel":1,"minecraft:oak_sign":1,"minecraft:candle":11,"minecraft:bucket":1,"minecraft:music_disc_otherside":1,"minecraft:player_head":10,"minecraft:oak_boat":4,"minecraft:redstone_torch":3,"minecraft:iron_pickaxe":1,"minecraft:enchanted_golden_apple":64,"minecraft:smooth_quartz_stairs":64,"minecraft:iron_boots":1,"minecraft:orange_shulker_box":2,"minecraft:big_dripleaf":5,"minecraft:brown_terracotta":64,"minecraft:torch":2,"minecraft:fire_charge":2421,"minecraft:porkchop":4,"minecraft:white_dye":730,"minecraft:netherite_shovel":1,"minecraft:cookie":1,"minecraft:trident":1,"minecraft:carrot":10,"minecraft:redstone":22,"minecraft:brown_dye":1,"minecraft:dark_oak_planks":64,"minecraft:arrow":19,"minecraft:stone_sword":1,"minecraft:red_shulker_box":2,"minecraft:beetroot_seeds":13,"minecraft:saddle":2,"minecraft:oak_chest_boat":4,"minecraft:netherite_chestplate":1,"minecraft:skeleton_skull":1,"minecraft:netherite_boots":1,"minecraft:feather":2,"minecraft:cooked_beef":11,"minecraft:brown_wool":640,"minecraft:carrot_on_a_stick":1,"minecraft:potato":12,"minecraft:tuff":1,"minecraft:netherite_leggings":1,"minecraft:wooden_hoe":1,"minecraft:dirt":328,"minecraft:cooked_mutton":10,"minecraft:mangrove_boat":6,"minecraft:bone":17,"minecraft:bow":1,"minecraft:wheat_seeds":18,"minecraft:spore_blossom":1,"minecraft:cooked_chicken":5,"minecraft:dark_oak_sign":1,"minecraft:netherite_axe":1,"minecraft:stripped_oak_wood":1,"minecraft:iron_sword":2,"minecraft:sculk_catalyst":6,"minecraft:cooked_porkchop":6,"minecraft:yellow_carpet":825,"minecraft:diamond":2078,"minecraft:netherite_helmet":1,"minecraft:writable_book":1,"minecraft:lever":8,"minecraft:chainmail_leggings":1,"minecraft:painting":3,"minecraft:bone_meal":66,"minecraft:golden_apple":2,"minecraft:bread":14,"minecraft:netherite_hoe":2,"minecraft:diamond_pickaxe":1,"minecraft:ender_pearl":14}},"DataVersion":3105}