{"stats":{"minecraft:custom":{"minecraft:interact_with_crafting_table":7,"minecraft:open_shulker_box":17,"minecraft:eat_cake_slice":19,"minecraft:leave_game":11,"minecraft:time_since_death":23712,"minecraft:sprint_one_cm":583664,"minecraft:drop":135,"minecraft:talked_to_villager":7,"minecraft:play_time":1788154,"minecraft:deaths":30,"minecraft:jump":5541,"minecraft:walk_on_water_one_cm":21321,"minecraft:play_record":55,"minecraft:interact_with_loom":1,"minecraft:sleep_in_bed":1,"minecraft:damage_dealt":11673,"minecraft:crouch_one_cm":176853,"minecraft:inspect_dispenser":52,"minecraft:interact_with_anvil":6,"minecraft:mob_kills":107,"minecraft:damage_dealt_resisted":49939,"minecraft:climb_one_cm":5043,"minecraft:walk_one_cm":3337148,"minecraft:damage_dealt_absorbed":0,"minecraft:sneak_time":66765,"minecraft:walk_under_water_one_cm":10662,"minecraft:boat_one_cm":59364,"minecraft:interact_with_lectern":12,"minecraft:total_world_time":1788154,"minecraft:tune_noteblock":1,"minecraft:pot_flower":3,"minecraft:time_since_rest":23738,"minecraft:damage_taken":6565,"minecraft:swim_one_cm":2021,"minecraft:fly_one_cm":4962431,"minecraft:open_chest":222,"minecraft:fall_one_cm":14879},"minecraft:dropped":{"minecraft:iron_sword":2,"minecraft:dead_horn_coral":1,"minecraft:ender_pearl":24,"minecraft:cooked_porkchop":10,"minecraft:dark_oak_button":1,"minecraft:dead_tube_coral":1,"minecraft:netherite_boots":1,"minecraft:mangrove_boat":1,"minecraft:black_shulker_box":1,"minecraft:writable_book":2,"minecraft:wooden_sword":3,"minecraft:bone_meal":65,"minecraft:dead_bubble_coral_fan":1,"minecraft:black_concrete":1,"minecraft:goat_horn":3,"minecraft:mangrove_roots":26,"minecraft:dead_brain_coral":1,"minecraft:wheat":114,"minecraft:beetroot":114,"minecraft:enchanted_golden_apple":64,"minecraft:honey_bottle":15,"minecraft:oak_chest_boat":1,"minecraft:white_dye":576,"minecraft:painting":1,"minecraft:birch_button":1,"minecraft:splash_potion":3,"minecraft:dead_brain_coral_fan":1,"minecraft:brown_concrete":12,"minecraft:netherite_axe":1,"minecraft:netherite_helmet":1,"minecraft:netherite_chestplate":1,"minecraft:amethyst_block":1,"minecraft:command_block":1,"minecraft:grass_block":1,"minecraft:yellow_carpet":825,"minecraft:golden_apple":1,"minecraft:sculk_catalyst":1,"minecraft:brown_wool":1280,"minecraft:chainmail_leggings":1,"minecraft:redstone":1,"minecraft:netherite_hoe":1,"minecraft:player_head":10,"minecraft:stone_sword":1,"minecraft:mangrove_button":2,"minecraft:deepslate":1,"minecraft:tuff":5,"minecraft:light_gray_wool":1,"minecraft:netherite_leggings":1,"minecraft:crimson_button":1,"minecraft:diamond_sword":1,"minecraft:potato":2,"minecraft:dead_horn_coral_fan":1,"minecraft:dead_tube_coral_fan":1,"minecraft:dead_bubble_coral":1,"minecraft:dead_fire_coral":1,"minecraft:dead_fire_coral_fan":2,"minecraft:warped_button":1,"minecraft:wooden_pickaxe":1},"minecraft:picked_up":{"minecraft:shulker_shell":1,"minecraft:wheat":57,"minecraft:anvil":1,"minecraft:dead_horn_coral_fan":1,"minecraft:diamond_sword":1,"minecraft:birch_button":3,"minecraft:cooked_salmon":7,"minecraft:oak_sign":2,"minecraft:beetroot":58,"minecraft:black_shulker_box":1,"minecraft:dead_bubble_coral_fan":1,"minecraft:written_book":2,"minecraft:redstone_torch":1,"minecraft:torch":6,"minecraft:crimson_button":2,"minecraft:dead_brain_coral_fan":1,"minecraft:pointed_dripstone":2,"minecraft:warped_button":12,"minecraft:goat_horn":8,"minecraft:rotten_flesh":2,"minecraft:command_block":1,"minecraft:mangrove_roots":50,"minecraft:snowball":16,"minecraft:leather_chestplate":1,"minecraft:cooked_beef":1,"minecraft:repeater":1,"minecraft:dead_tube_coral_fan":1,"minecraft:brown_wool":768,"minecraft:potato":2,"minecraft:tuff":10,"minecraft:glow_squid_spawn_egg":1,"minecraft:leather_boots":1,"minecraft:wheat_seeds":36,"minecraft:cooked_porkchop":71,"minecraft:dead_fire_coral_fan":2,"minecraft:dead_fire_coral":1,"minecraft:deepslate":1,"minecraft:black_concrete":1,"minecraft:soul_lantern":3,"minecraft:writable_book":1,"minecraft:bone_meal":1,"minecraft:spruce_sign":1,"minecraft:dead_brain_coral":1,"minecraft:mangrove_button":9,"minecraft:music_disc_5":31,"minecraft:rabbit_stew":1,"minecraft:leather_leggings":1,"minecraft:wooden_pickaxe":2,"minecraft:dead_tube_coral":1,"minecraft:cooked_rabbit":8,"minecraft:acacia_button":3,"minecraft:moss_carpet":4,"minecraft:wooden_sword":1,"minecraft:item_frame":2,"minecraft:candle":2,"minecraft:music_disc_otherside":8,"minecraft:player_head":5,"minecraft:glow_item_frame":1,"minecraft:stone_button":16,"minecraft:warden_spawn_egg":1,"minecraft:redstone":51,"minecraft:dark_oak_planks":3,"minecraft:beetroot_seeds":18,"minecraft:saddle":1,"minecraft:oak_chest_boat":1,"minecraft:white_shulker_box":1,"minecraft:glow_berries":1,"minecraft:bone_block":4,"minecraft:dark_oak_button":1,"minecraft:brown_concrete":40,"minecraft:mangrove_boat":4,"minecraft:spore_blossom":1,"minecraft:cooked_chicken":2,"minecraft:dead_horn_coral":1,"minecraft:sculk_catalyst":9,"minecraft:amethyst_shard":4,"minecraft:dead_bubble_coral":1,"minecraft:slime_ball":21,"minecraft:painting":2,"minecraft:birch_sign":1,"minecraft:oak_button":2,"minecraft:ender_pearl":8},"minecraft:killed_by":{"minecraft:warden":6},"minecraft:mined":{"minecraft:tuff":5,"minecraft:mangrove_roots":25},"minecraft:crafted":{"minecraft:leather_chestplate":2,"minecraft:leather_leggings":8,"minecraft:leather_boots":3},"minecraft:killed":{"minecraft:zombified_piglin":2,"minecraft:shulker":2,"minecraft:axolotl":10,"minecraft:silverfish":79,"minecraft:warden":1,"minecraft:husk":1,"minecraft:frog":7,"minecraft:wandering_trader":2,"minecraft:ravager":1},"minecraft:used":{"minecraft:moss_block":48,"minecraft:moss_carpet":22,"minecraft:writable_book":10,"minecraft:light_gray_dye":1,"minecraft:polished_deepslate":226,"minecraft:tadpole_spawn_egg":24,"minecraft:spruce_slab":2,"minecraft:dead_tube_coral_fan":12,"minecraft:dispenser":27,"minecraft:dead_brain_coral":2,"minecraft:bone_block":4,"minecraft:ladder":2,"minecraft:oak_sign":33,"minecraft:mangrove_button":14,"minecraft:axolotl_spawn_egg":8,"minecraft:chest":26,"minecraft:white_terracotta":146,"minecraft:brown_concrete":16,"minecraft:stone":132,"minecraft:quartz_stairs":3,"minecraft:grass":47,"minecraft:player_head":176,"minecraft:farmland":7,"minecraft:green_terracotta":34,"minecraft:sculk_sensor":43,"minecraft:deepslate_brick_slab":26,"minecraft:acacia_button":4,"minecraft:tuff":2,"minecraft:axolotl_bucket":2,"minecraft:big_dripleaf":2,"minecraft:warden_spawn_egg":1,"minecraft:polished_deepslate_stairs":206,"minecraft:frog_spawn_egg":335,"minecraft:crimson_button":12,"minecraft:lava_bucket":77,"minecraft:mangrove_log":9,"minecraft:villager_spawn_egg":131,"minecraft:red_wool":19,"minecraft:lantern":8,"minecraft:grass_block":593,"minecraft:green_wool":54,"minecraft:netherite_hoe":24,"minecraft:dark_oak_leaves":26,"minecraft:dark_oak_button":2,"minecraft:pink_wool":28,"minecraft:repeater":701,"minecraft:stone_bricks":1,"minecraft:item_frame":2,"minecraft:rabbit_stew":2,"minecraft:bedrock":307,"minecraft:birch_button":5,"minecraft:reinforced_deepslate":12,"minecraft:red_carpet":13,"minecraft:bow":2,"minecraft:written_book":68,"minecraft:mangrove_roots":10,"minecraft:jungle_button":2,"minecraft:beetroot_seeds":22,"minecraft:skeleton_skull":5,"minecraft:pearlescent_froglight":28,"minecraft:potato":5,"minecraft:seagrass":3,"minecraft:dead_brain_coral_fan":4,"minecraft:mangrove_leaves":29,"minecraft:leather_leggings":3,"minecraft:cut_copper_slab":16,"minecraft:dark_oak_sign":2,"minecraft:gray_carpet":353,"minecraft:mangrove_planks":9,"minecraft:oak_planks":7,"minecraft:ender_pearl":84,"minecraft:wooden_pickaxe":30,"minecraft:redstone_block":123,"minecraft:structure_void":3,"minecraft:clay":3,"minecraft:diamond_axe":2,"minecraft:oak_leaves":77,"minecraft:white_wool":54,"minecraft:glow_berries":11,"minecraft:sand":6,"minecraft:light_blue_concrete":111,"minecraft:yellow_concrete":88,"minecraft:dead_bubble_coral":7,"minecraft:dripstone_block":1,"minecraft:shulker_spawn_egg":22,"minecraft:cobbled_deepslate_stairs":310,"minecraft:exposed_copper":6,"minecraft:creeper_spawn_egg":2,"minecraft:black_terracotta":4,"minecraft:dead_fire_coral_fan":3,"minecraft:lever":14,"minecraft:black_concrete":176,"minecraft:barrier":306,"minecraft:stone_button":52,"minecraft:lectern":1,"minecraft:spore_blossom":7,"minecraft:deepslate":527,"minecraft:gravel":5,"minecraft:soul_lantern":37,"minecraft:diamond_sword":13,"minecraft:fire_charge":16,"minecraft:dead_horn_coral_fan":2,"minecraft:white_stained_glass":7,"minecraft:andesite":7,"minecraft:chain":9,"minecraft:white_concrete":45,"minecraft:warped_button":44,"minecraft:gray_stained_glass":13,"minecraft:bone_meal":9,"minecraft:experience_bottle":2,"minecraft:cobweb":37,"minecraft:oak_fence":8,"minecraft:netherite_sword":119,"minecraft:iron_bars":140,"minecraft:orange_concrete":7,"minecraft:flint_and_steel":292,"minecraft:armor_stand":3,"minecraft:red_concrete":3,"minecraft:redstone":598,"minecraft:silverfish_spawn_egg":160,"minecraft:music_disc_5":55,"minecraft:sculk":240,"minecraft:cooked_salmon":1,"minecraft:cooked_chicken":1,"minecraft:torch":15,"minecraft:dirt":451,"minecraft:anvil":5,"minecraft:spruce_stairs":2,"minecraft:cobblestone_wall":4,"minecraft:dead_tube_coral":3,"minecraft:glow_lichen":24,"minecraft:blue_concrete":26,"minecraft:fern":18,"minecraft:ravager_spawn_egg":1,"minecraft:dark_oak_planks":23,"minecraft:flowering_azalea":1,"minecraft:light_gray_stained_glass":31,"minecraft:oak_stairs":3,"minecraft:slime_block":177,"minecraft:spruce_button":3,"minecraft:polished_deepslate_wall":80,"minecraft:smooth_quartz":4,"minecraft:lime_dye":1,"minecraft:light_gray_wool":1,"minecraft:tadpole_bucket":3,"minecraft:glowstone":5,"minecraft:lime_concrete":4,"minecraft:tall_grass":15,"minecraft:iron_trapdoor":1,"minecraft:red_dye":1,"minecraft:cobbled_deepslate":3633,"minecraft:dead_bubble_coral_fan":14,"minecraft:hanging_roots":7,"minecraft:pointed_dripstone":23,"minecraft:mangrove_boat":1,"minecraft:cobbled_deepslate_wall":112,"minecraft:calcite":342,"minecraft:wheat_seeds":27,"minecraft:water_bucket":150,"minecraft:amethyst_block":13,"minecraft:birch_planks":18,"minecraft:copper_block":1,"minecraft:black_shulker_box":5,"minecraft:spruce_sign":13,"minecraft:white_dye":1,"minecraft:glow_ink_sac":3,"minecraft:cobblestone_slab":7,"minecraft:deepslate_bricks":4,"minecraft:waxed_copper_block":1,"minecraft:polished_deepslate_slab":1242,"minecraft:mangrove_trapdoor":4,"minecraft:comparator":1,"minecraft:vine":23,"minecraft:oak_slab":3,"minecraft:crafting_table":5,"minecraft:crimson_trapdoor":1,"minecraft:birch_sign":5,"minecraft:sculk_shrieker":12,"minecraft:infested_deepslate":2,"minecraft:mangrove_sign":1,"minecraft:cake":5,"minecraft:cyan_stained_glass":9,"minecraft:oak_log":57,"minecraft:amethyst_cluster":6,"minecraft:mud":8,"minecraft:flower_pot":2,"minecraft:light":127,"minecraft:warped_trapdoor":12,"minecraft:acacia_sign":1,"minecraft:dead_fire_coral":2,"minecraft:command_block":216,"minecraft:mangrove_propagule":2,"minecraft:oak_button":4,"minecraft:netherite_axe":76,"minecraft:budding_amethyst":7,"minecraft:yellow_wool":12,"minecraft:green_shulker_box":1,"minecraft:cobblestone":6,"minecraft:end_crystal":2,"minecraft:cobbled_deepslate_slab":1421,"minecraft:cooked_porkchop":25,"minecraft:chain_command_block":19,"minecraft:sandstone_slab":2,"minecraft:repeating_command_block":44,"minecraft:yellow_bed":1,"minecraft:polished_blackstone_button":1,"minecraft:husk_spawn_egg":24,"minecraft:gray_wool":1,"minecraft:sculk_vein":1586,"minecraft:candle":785,"minecraft:splash_potion":473}},"DataVersion":3105}